Id,Source,Target,Type
0,47f4f9f0fea1a010ef1aee9602427be8,a3df2842f923676652da2add52560ccf,directed
1,366c794029a7803bfc2e23cd447327a2,cc6a8d622a40b5dd6f95d7019b38f3a6,directed
2,63e053715b2d1321605fc2563f1010d6,136e4068df61113b40cd8707ff4f98ec,directed
3,a89b77ce74f04d14cf50891bc97a7b11,caa68aad5cb558e05126dcb3fa6deb90,directed
4,616ce941853e603ae892a99b390d711b,4207fd7e52952a8540c8c23455ccb853,directed
5,26a6688bc74fcf549231191d304671f9,b4429b05b01f3524f76c85d6424634e4,directed
6,dfc41d1140421f31b6f396ce835e5143,a3df2842f923676652da2add52560ccf,directed
7,039a38fafabf06410a7cd43ead491670,7a62f6e4fc0611e8a24355f4564fcc81,directed
8,039a38fafabf06410a7cd43ead491670,136e4068df61113b40cd8707ff4f98ec,directed
9,039a38fafabf06410a7cd43ead491670,acf04c37feeb7f8e7eea3934b77f0214,directed
10,1a60bb34e22c9704db82cd0d8e084bfb,187a55029cc84cc4a7ee675bb1ac1334,directed
11,a4c83326497c266f34e3a05a31281531,20fe3e8404a27b9056daedba8ddda213,directed
12,cc6a8d622a40b5dd6f95d7019b38f3a6,6bb3e28a7b951ec6ee7c0711847b0f5b,directed
13,cc6a8d622a40b5dd6f95d7019b38f3a6,43fb0dc7bada59a6ee24bcf9a15417e2,directed
14,ef838c442f137b0096aa0b02400e9329,136e4068df61113b40cd8707ff4f98ec,directed
15,f97d4ee2fc68b1b069288c0993315c90,136e4068df61113b40cd8707ff4f98ec,directed
16,66859b51d093fd69d4b3d6cbb4880f17,79546697ef6a59fce10b3f0db06872ac,directed
17,66859b51d093fd69d4b3d6cbb4880f17,136e4068df61113b40cd8707ff4f98ec,directed
18,1c17a922adac51c3dcc55135ac501924,8b1b76f3c7d744d45cdbd47ac125f0ed,directed
19,3c45700ddd6086ded98f0b85415ad89a,e45788b63cb10ef3652f7de0fe406c58,directed
20,eeb5529f5735aa53627e6dd33b5a2ac7,b4429b05b01f3524f76c85d6424634e4,directed
21,8af909a2c667c3bea2ebc807512bc328,23ca86884839ac32ec7995c37f10c5d3,directed
22,2285625a11010c104f4d71b055ab1071,52d8b7a27fd2ceb1575cdefed0365651,directed
23,493b2434e7227452cd6b21c1c196898e,5bce42ffc6da2ee653d991ef976235c6,directed
24,7403fc78d0017f412fdd437d9dbb13fa,134d64cc1a78f5950598a70aa4987a1c,directed
25,caa68aad5cb558e05126dcb3fa6deb90,136e4068df61113b40cd8707ff4f98ec,directed
26,339573113f49469b84c75d18e7cd2b5c,52d8b7a27fd2ceb1575cdefed0365651,directed
27,cfe702f906b4720891c2858662993c5e,136e4068df61113b40cd8707ff4f98ec,directed
28,cfe702f906b4720891c2858662993c5e,79546697ef6a59fce10b3f0db06872ac,directed
29,1ebd0fc64a52841925571ce2d285854b,8172d2b25e816a970946a63add7c06cf,directed
30,81ce7f3cac7a58e39a205121af535af8,66859b51d093fd69d4b3d6cbb4880f17,directed
31,fb9975f6e51ece4a43c7c835c6806472,4207fd7e52952a8540c8c23455ccb853,directed
32,e334ce188da13c28e294019e62f43aa0,4207fd7e52952a8540c8c23455ccb853,directed
33,e334ce188da13c28e294019e62f43aa0,cfe702f906b4720891c2858662993c5e,directed
34,e334ce188da13c28e294019e62f43aa0,136e4068df61113b40cd8707ff4f98ec,directed
35,203238acbbe43266d7e9a4065ce93332,7a62f6e4fc0611e8a24355f4564fcc81,directed
36,581553fb900ee2663303502e48ef0475,c348c6290481ac7caeda60a6fbc766dc,directed
37,a7158a50017bcdff56594807a0cdbe85,4cda9f55d118207ac984958ed983f702,directed
38,7ac650e27a06b76e4143b8e4a947b565,63e053715b2d1321605fc2563f1010d6,directed
39,136e4068df61113b40cd8707ff4f98ec,9e67f5d3f35f64dda3c09e02db8107cc,directed
40,63c1580a02f955348eac0a47f628aa08,e45788b63cb10ef3652f7de0fe406c58,directed
41,0f71f2223176f41e121074c6c407aa58,f15bf3d8c04329d56d24ce135ed6f79f,directed
42,3ffad542f107c36cd3c6954de34504a2,c3fa5222adca5bccb61b4d226e238b18,directed
43,6b0c4e849d2bf784deb2953cbb9d87ab,e45788b63cb10ef3652f7de0fe406c58,directed
44,800b3c51c9793ba0c859c7b0c164c80a,23b0253031c49bd09fde9d32da70a6c4,directed
45,3031795ccf713c87fdb3edb3b89fb237,a3df2842f923676652da2add52560ccf,directed
46,8172d2b25e816a970946a63add7c06cf,136e4068df61113b40cd8707ff4f98ec,directed
47,0c2e81053e376c4fc91b3ff0a5368c1e,7cdc3565a8f5022acd49fe1c3c970263,directed
48,1d221e591a644d847392a3656bba5234,a3df2842f923676652da2add52560ccf,directed
49,1869620be301f8dd64b719b705ee5987,6bb3e28a7b951ec6ee7c0711847b0f5b,directed
50,7ee9b48fdec16528f95590b03468bd39,e9f848a32169b3f9eaa7117bb9ee1ba9,directed
51,9e67f5d3f35f64dda3c09e02db8107cc,be239677674de44db508a02d39ed577f,directed
52,9e67f5d3f35f64dda3c09e02db8107cc,9e67f5d3f35f64dda3c09e02db8107cc,directed
53,bcbcf3c2c103d8dfe7fd75249d777e1a,136e4068df61113b40cd8707ff4f98ec,directed
54,3e6f2119b838299b4b89193fe541ea5a,971ac7c0d6473ac46033c32ad7a97693,directed
55,2ed9e7612127706dbcdf676ae8b38f74,b4429b05b01f3524f76c85d6424634e4,directed
56,bb90e2e4c056dea1f00997f0ddfd079b,136e4068df61113b40cd8707ff4f98ec,directed
57,e2b08e4f406c0c4e65401729e2b2a785,7ee9b48fdec16528f95590b03468bd39,directed
58,a9b60f96e748005094b4202af3177e32,136e4068df61113b40cd8707ff4f98ec,directed
59,a9b60f96e748005094b4202af3177e32,32bf89a93e85e7c43641f0734c25d51b,directed
60,4f4678912a2b27576ec6360eac08c9a4,a3df2842f923676652da2add52560ccf,directed
61,b14565ebf07dde90f8ae915c83d0b0b4,b08ff74b916eaab3e57938502b58bf84,directed
62,79f64104847b1aa8583c4a279953e852,63e053715b2d1321605fc2563f1010d6,directed
63,34c35bc7ed3137487fe83cb83cf4104f,800b3c51c9793ba0c859c7b0c164c80a,directed
64,f4060f2ec9b721a4c2f784df4454dcdd,8b1b76f3c7d744d45cdbd47ac125f0ed,directed
65,45c76215779087a9f71bb5549f315b08,fe2889c416962e5883e418bb5eb4fdd1,directed
66,45c76215779087a9f71bb5549f315b08,fe2889c416962e5883e418bb5eb4fdd1,directed
67,a3df2842f923676652da2add52560ccf,136e4068df61113b40cd8707ff4f98ec,directed
68,3a563a971a621f9ce5990438e364c2fd,ee289376a9c48ed8aa9f0d8264e0b82f,directed
69,3a563a971a621f9ce5990438e364c2fd,81ce7f3cac7a58e39a205121af535af8,directed
70,3a563a971a621f9ce5990438e364c2fd,e45788b63cb10ef3652f7de0fe406c58,directed
71,4cda9f55d118207ac984958ed983f702,fe3ba1ff7b01c66c5ebe3debad90e0d6,directed
72,0ebf4878e8bb8a806362894ad5a8b495,f91900bae25ae63e1f627128cd1fef28,directed
73,cab79f36f77ebacb6579858e26e125bd,136e4068df61113b40cd8707ff4f98ec,directed
74,d0a7c1f875dd510adc51323f4ac62651,a3df2842f923676652da2add52560ccf,directed
75,4207fd7e52952a8540c8c23455ccb853,cfe702f906b4720891c2858662993c5e,directed
76,4207fd7e52952a8540c8c23455ccb853,136e4068df61113b40cd8707ff4f98ec,directed
77,5379ef406b9018b16f74061dd08940bb,cc111bbec6ceb99ca40f378393b6f888,directed
78,d9984155ef4db1cfc00e7b5ac5c76310,cbf3dd7b41988dd6cdd16571b7ed992b,directed
79,fcf4cf4898abe2d69baf4f30055e1b9b,c83f1fb14b16c1b927d5b773c9c41ed4,directed
80,e205655ff7b64876fd05c5d789f161ca,dac6f49fa963be66acad20e038a9369c,directed
81,cdf975933beead43594118cdc1faadc5,a6bee6143534b4754e82768f5616d5fe,directed
82,2aa78c165a5028508510dc9d1c92b682,d97f5858da4872738e5734a74c20235f,directed
83,2aa78c165a5028508510dc9d1c92b682,136e4068df61113b40cd8707ff4f98ec,directed
84,f7170b9442d564b44e1bf563d1707769,e45788b63cb10ef3652f7de0fe406c58,directed
85,befef14aebb65ccb58ef697f0cbf5168,43fb0dc7bada59a6ee24bcf9a15417e2,directed
86,befef14aebb65ccb58ef697f0cbf5168,befef14aebb65ccb58ef697f0cbf5168,directed
87,befef14aebb65ccb58ef697f0cbf5168,43fb0dc7bada59a6ee24bcf9a15417e2,directed
88,5e9bb078d5d9300d80b3e3319707bcb3,b4429b05b01f3524f76c85d6424634e4,directed
89,cb03c8b310c67bea79cf78822e3cbf3d,0f71f2223176f41e121074c6c407aa58,directed
90,baef070cdd72e185da185071a1c91be6,871f782be9e26634b884a82e59d49ae6,directed
91,093f17f20c1b949a7c597bbf7d118003,194522bf1c97267a1039b1a21b3f59db,directed
92,869c322992ffacd7ae7ba6e9f2c1ca05,cbf3dd7b41988dd6cdd16571b7ed992b,directed
93,c0a5a1667eb461446be1185ebacb10b5,ee289376a9c48ed8aa9f0d8264e0b82f,directed
94,c0a5a1667eb461446be1185ebacb10b5,81ce7f3cac7a58e39a205121af535af8,directed
95,c0a5a1667eb461446be1185ebacb10b5,e45788b63cb10ef3652f7de0fe406c58,directed
96,cd4a6aa17b6847f283b4326ce306d505,b035f342d2e881bfd09fbb5604fbeefc,directed
97,cf8d63ed2a35c3c79e6464b590de6467,136e4068df61113b40cd8707ff4f98ec,directed
98,b035f342d2e881bfd09fbb5604fbeefc,23ca86884839ac32ec7995c37f10c5d3,directed
99,00ae09b759d77890cc0f6c986ca16379,226c5b3c9e26c75f073ad98a3e08a21a,directed
100,00ae09b759d77890cc0f6c986ca16379,00ae09b759d77890cc0f6c986ca16379,directed
101,8bce1f422f5eb22f581f009da13fbc79,b4429b05b01f3524f76c85d6424634e4,directed
102,7cdc3565a8f5022acd49fe1c3c970263,d0a7c1f875dd510adc51323f4ac62651,directed
103,bb5cd6322e9995d2431de1884c2efeff,fe2889c416962e5883e418bb5eb4fdd1,directed
104,bb5cd6322e9995d2431de1884c2efeff,136e4068df61113b40cd8707ff4f98ec,directed
105,fe3ba1ff7b01c66c5ebe3debad90e0d6,136e4068df61113b40cd8707ff4f98ec,directed
106,21eede893a618991614c6941803752ee,136e4068df61113b40cd8707ff4f98ec,directed
107,dfb8d3672b0efa17ffdb8a4403b9a213,ee289376a9c48ed8aa9f0d8264e0b82f,directed
108,dfb8d3672b0efa17ffdb8a4403b9a213,81ce7f3cac7a58e39a205121af535af8,directed
109,dfb8d3672b0efa17ffdb8a4403b9a213,e45788b63cb10ef3652f7de0fe406c58,directed
110,6191b1b46226c01bc5ac991f6b11f4bb,dfc41d1140421f31b6f396ce835e5143,directed
111,6191b1b46226c01bc5ac991f6b11f4bb,4207fd7e52952a8540c8c23455ccb853,directed
112,6bb3e28a7b951ec6ee7c0711847b0f5b,ee289376a9c48ed8aa9f0d8264e0b82f,directed
113,6bb3e28a7b951ec6ee7c0711847b0f5b,81ce7f3cac7a58e39a205121af535af8,directed
114,6bb3e28a7b951ec6ee7c0711847b0f5b,e45788b63cb10ef3652f7de0fe406c58,directed
115,b11dd2e63ee0a5b4ec484ff3ba220ace,136e4068df61113b40cd8707ff4f98ec,directed
116,226c5b3c9e26c75f073ad98a3e08a21a,516b1ec2993983978148283de32960eb,directed
117,ba73650bc1b3e3a48086583c74154fd4,66859b51d093fd69d4b3d6cbb4880f17,directed
118,710c986985df989a593665d0903b78f5,7ac650e27a06b76e4143b8e4a947b565,directed
119,26c0b176c631aca54b9c44d82b22f448,869c322992ffacd7ae7ba6e9f2c1ca05,directed
120,26c0b176c631aca54b9c44d82b22f448,3fa896c436cc2503cd1a572664a38387,directed
121,b08ff74b916eaab3e57938502b58bf84,136e4068df61113b40cd8707ff4f98ec,directed
122,2988b177381a54642202b00001acb9a0,f97d4ee2fc68b1b069288c0993315c90,directed
123,981566a1410678d109ef0e44d452593c,cfe702f906b4720891c2858662993c5e,directed
124,a6bee6143534b4754e82768f5616d5fe,136e4068df61113b40cd8707ff4f98ec,directed
125,c77b5f2c2f6e77e91c5019d3e491d409,4207fd7e52952a8540c8c23455ccb853,directed
126,194522bf1c97267a1039b1a21b3f59db,23b0253031c49bd09fde9d32da70a6c4,directed
127,194522bf1c97267a1039b1a21b3f59db,8172d2b25e816a970946a63add7c06cf,directed
128,026bb4c5db43e54a4b2bdd63d6285e49,43131003e7ab99afe474943938cbdee5,directed
129,026bb4c5db43e54a4b2bdd63d6285e49,cab79f36f77ebacb6579858e26e125bd,directed
130,43131003e7ab99afe474943938cbdee5,4cda9f55d118207ac984958ed983f702,directed
131,cc111bbec6ceb99ca40f378393b6f888,ee289376a9c48ed8aa9f0d8264e0b82f,directed
132,fa2e5fb141a1807b3c24ab1e205a9f40,d0a7c1f875dd510adc51323f4ac62651,directed
133,7330d2d5018c2657d670a34f61e9313c,7ac650e27a06b76e4143b8e4a947b565,directed
134,23ca86884839ac32ec7995c37f10c5d3,4cda9f55d118207ac984958ed983f702,directed
135,468c7d5f6368eaa3e5b1af408105fd19,fa2e5fb141a1807b3c24ab1e205a9f40,directed
136,468c7d5f6368eaa3e5b1af408105fd19,d973a4f33a86e1d2bc1f7d99d2e29a3a,directed
137,468c7d5f6368eaa3e5b1af408105fd19,63e053715b2d1321605fc2563f1010d6,directed
138,20fe3e8404a27b9056daedba8ddda213,831659c35a3520d928a10d3405228e89,directed
139,20fe3e8404a27b9056daedba8ddda213,69290a5da0c71283684e7598eb98b04b,directed
140,7d6a49b140baeb53cc9558f87cac2c5b,187a55029cc84cc4a7ee675bb1ac1334,directed
141,f00148b43322155a089602295070e05d,d0a7c1f875dd510adc51323f4ac62651,directed
142,f00148b43322155a089602295070e05d,fe2889c416962e5883e418bb5eb4fdd1,directed
143,4302f111f262d18f32b42f60299dec33,26a6688bc74fcf549231191d304671f9,directed
144,efcda96daa0c5e40e81e5560aa0d1303,26a6688bc74fcf549231191d304671f9,directed
145,b3884d63f0311edc089452b35cb936a3,3ffad542f107c36cd3c6954de34504a2,directed
146,72ca8134042d927fa09f9f7be6c65c50,cab79f36f77ebacb6579858e26e125bd,directed
147,b3e182509d66e543a84972aa62da7af1,d0a7c1f875dd510adc51323f4ac62651,directed
148,921c8421cabaa53a4089607d4f72edfd,23b0253031c49bd09fde9d32da70a6c4,directed
149,de793d6662e0cd2bbfbb4fd5ee7242c4,caa68aad5cb558e05126dcb3fa6deb90,directed
150,97fe4af6deed18b44833990b7d5d8651,b01afdef1f5943cdb4cb593b8975d31a,directed
151,d0f6649e95c92f498b55fcdc67320d89,e9f848a32169b3f9eaa7117bb9ee1ba9,directed
152,86366be5061b4599d767c964a26056e3,fb9975f6e51ece4a43c7c835c6806472,directed
153,d67057212ba5cf9cc426f95c3c5345b1,32bf89a93e85e7c43641f0734c25d51b,directed
154,3c110deb1af6a61e6ed1605124e66ff6,4f4678912a2b27576ec6360eac08c9a4,directed
155,3c110deb1af6a61e6ed1605124e66ff6,4f4678912a2b27576ec6360eac08c9a4,directed
156,b1f2f831d9f73065fea8ca10b0e5b8c3,52d8b7a27fd2ceb1575cdefed0365651,directed
157,b1f2f831d9f73065fea8ca10b0e5b8c3,b830f20df164eaae03963eb9ff987bae,directed
158,b1f2f831d9f73065fea8ca10b0e5b8c3,d930824a645f13daf7d375c498da13da,directed
159,1149f3b6c40eac72cf2b06b9798878dd,63c1580a02f955348eac0a47f628aa08,directed
160,ee6422e9be7701356e4ea4540069dfdc,7cdc3565a8f5022acd49fe1c3c970263,directed
161,ee6422e9be7701356e4ea4540069dfdc,ee6422e9be7701356e4ea4540069dfdc,directed
162,ee6422e9be7701356e4ea4540069dfdc,fa2e5fb141a1807b3c24ab1e205a9f40,directed
163,523d5bcec26f0b3d3190cec1b8a64fda,3abcba7045b4b8be875e39ac32bc82c8,directed
164,a7a0f837bed5681b5ca5d1b30a0a34dd,63e053715b2d1321605fc2563f1010d6,directed
165,9f429ee8458e5fa72410a636fb842499,5bce42ffc6da2ee653d991ef976235c6,directed
166,17215ee731c9e0aedb3eebe75a583535,136e4068df61113b40cd8707ff4f98ec,directed
167,75fcdc9c76aba3d758e3624de5c00678,6b0c4e849d2bf784deb2953cbb9d87ab,directed
168,75fcdc9c76aba3d758e3624de5c00678,fe2889c416962e5883e418bb5eb4fdd1,directed
169,c83f1fb14b16c1b927d5b773c9c41ed4,136e4068df61113b40cd8707ff4f98ec,directed
170,b178797aed1f8d0560c7c0ee60e48159,23ca86884839ac32ec7995c37f10c5d3,directed
171,842373bfcaf2b2bf3fae510fc7adaac1,581553fb900ee2663303502e48ef0475,directed
172,f93ee31b6d3ed9e4a8adab2d7fd520aa,987b1bd7a784e97c73a6529265eca1a6,directed
173,871f782be9e26634b884a82e59d49ae6,baef070cdd72e185da185071a1c91be6,directed
174,8db87462368ee10da08591278a8b4263,831659c35a3520d928a10d3405228e89,directed
175,b2ccba188d200b34bd42466f9d352e2e,63e053715b2d1321605fc2563f1010d6,directed
176,8db6c84b8200ac30adba02adbb16eb26,2285625a11010c104f4d71b055ab1071,directed
177,4e1fe02c450735fcfb85d0c8b92ea15c,d0a7c1f875dd510adc51323f4ac62651,directed
178,4e1fe02c450735fcfb85d0c8b92ea15c,136e4068df61113b40cd8707ff4f98ec,directed
179,4e1fe02c450735fcfb85d0c8b92ea15c,fe2889c416962e5883e418bb5eb4fdd1,directed
180,023854600c37624f103dd8082d0e72d6,bb5cd6322e9995d2431de1884c2efeff,directed
181,023854600c37624f103dd8082d0e72d6,fe2889c416962e5883e418bb5eb4fdd1,directed
182,023854600c37624f103dd8082d0e72d6,136e4068df61113b40cd8707ff4f98ec,directed
183,5c3a5867257768c6476ee89b529c181f,4207fd7e52952a8540c8c23455ccb853,directed
184,e9f848a32169b3f9eaa7117bb9ee1ba9,7ee9b48fdec16528f95590b03468bd39,directed
185,675355c741380a30c4b20d478295b940,60ab692514c49738fad5573ce40dc8ca,directed
186,001448573fecb11468ed26c5d68e799e,baef070cdd72e185da185071a1c91be6,directed
187,001448573fecb11468ed26c5d68e799e,cf8d63ed2a35c3c79e6464b590de6467,directed
188,001448573fecb11468ed26c5d68e799e,cfe702f906b4720891c2858662993c5e,directed
189,001448573fecb11468ed26c5d68e799e,79546697ef6a59fce10b3f0db06872ac,directed
190,001448573fecb11468ed26c5d68e799e,616ce941853e603ae892a99b390d711b,directed
191,001448573fecb11468ed26c5d68e799e,c83f1fb14b16c1b927d5b773c9c41ed4,directed
192,82d165dbb27aa65dea8f8f53a36a0d3a,136e4068df61113b40cd8707ff4f98ec,directed
193,ba94b74e65a3b61392ed58ff44746ead,85c916465ca0fc115075cec38b1dd3ef,directed
194,ba94b74e65a3b61392ed58ff44746ead,136e4068df61113b40cd8707ff4f98ec,directed
195,85c916465ca0fc115075cec38b1dd3ef,dfc41d1140421f31b6f396ce835e5143,directed
196,85c916465ca0fc115075cec38b1dd3ef,4207fd7e52952a8540c8c23455ccb853,directed
197,7bac39707f73e0e2b1ec207db74553d2,b01afdef1f5943cdb4cb593b8975d31a,directed
198,e94cdda7ad972880ff3255bb4d3f6939,fe2889c416962e5883e418bb5eb4fdd1,directed
199,e94cdda7ad972880ff3255bb4d3f6939,fe2889c416962e5883e418bb5eb4fdd1,directed
200,e94cdda7ad972880ff3255bb4d3f6939,04f52abbb48e4d9f1b8368235c933361,directed
201,ccf5fcd4a276689667d9f789f1596d9a,c8829256e73b1df3b61c65679ef36b30,directed
202,52d8b7a27fd2ceb1575cdefed0365651,b830f20df164eaae03963eb9ff987bae,directed
203,52d8b7a27fd2ceb1575cdefed0365651,d930824a645f13daf7d375c498da13da,directed
204,fe2889c416962e5883e418bb5eb4fdd1,fe2889c416962e5883e418bb5eb4fdd1,directed
205,ecd15fb56b3cfff5d0e4196616d38a06,1d76e40825bcad01b254893fe9bfa558,directed
206,ecd15fb56b3cfff5d0e4196616d38a06,88f0bad0a6a874c3bd156462c14a98e4,directed
207,5d9948adf23d004dc4520080c53cd642,dfc41d1140421f31b6f396ce835e5143,directed
208,55daad073ed270457bb5a968ae3f4d2d,e45788b63cb10ef3652f7de0fe406c58,directed
209,c3b66d5d77372175f846fd725ad6250a,52d8b7a27fd2ceb1575cdefed0365651,directed
210,595bf0d61719b63ad0401afe6ccec9be,baef070cdd72e185da185071a1c91be6,directed
211,e310f4b5c8c27bce752e049709ecc688,dfc41d1140421f31b6f396ce835e5143,directed
212,08032e57ddbe0061df4d753a46d07089,dfc41d1140421f31b6f396ce835e5143,directed
213,1d76e40825bcad01b254893fe9bfa558,31c07d9788287c54819bf37478a535c3,directed
214,1d76e40825bcad01b254893fe9bfa558,136e4068df61113b40cd8707ff4f98ec,directed
215,fb58be5585a01e7eed4d35b3ec32468b,136e4068df61113b40cd8707ff4f98ec,directed
216,f91900bae25ae63e1f627128cd1fef28,67848cf5b524d9c326a9f8cf49cd5a0e,directed
217,88f0bad0a6a874c3bd156462c14a98e4,1d76e40825bcad01b254893fe9bfa558,directed
218,88f0bad0a6a874c3bd156462c14a98e4,88f0bad0a6a874c3bd156462c14a98e4,directed
219,8b6bf77f71ade82995ca52b0aebdf2e6,b01afdef1f5943cdb4cb593b8975d31a,directed
220,0500356e5c4527dcd5cf0be552b5f289,cab79f36f77ebacb6579858e26e125bd,directed
221,04f52abbb48e4d9f1b8368235c933361,136e4068df61113b40cd8707ff4f98ec,directed
222,04f52abbb48e4d9f1b8368235c933361,fe2889c416962e5883e418bb5eb4fdd1,directed
223,3461a49282dfe88bed38d033bf9e0862,3abcba7045b4b8be875e39ac32bc82c8,directed
224,15e12af464c977ac561bdef7e2c6c6c3,0f71f2223176f41e121074c6c407aa58,directed
225,15e12af464c977ac561bdef7e2c6c6c3,6b0c4e849d2bf784deb2953cbb9d87ab,directed
226,6e6d25ac8408d3931b57eb5bd3350530,dfc41d1140421f31b6f396ce835e5143,directed
227,f7e1ad6c973c4bdac0ff47a2bf7ad33c,85c916465ca0fc115075cec38b1dd3ef,directed
228,e45788b63cb10ef3652f7de0fe406c58,ee289376a9c48ed8aa9f0d8264e0b82f,directed
229,e45788b63cb10ef3652f7de0fe406c58,81ce7f3cac7a58e39a205121af535af8,directed
230,e45788b63cb10ef3652f7de0fe406c58,e45788b63cb10ef3652f7de0fe406c58,directed
231,2d2f6740bca9a7a1fb7062b89f7e1049,cbf3dd7b41988dd6cdd16571b7ed992b,directed
232,3d51afecb2ccad470cb2746106499646,a3df2842f923676652da2add52560ccf,directed
233,5bce42ffc6da2ee653d991ef976235c6,136e4068df61113b40cd8707ff4f98ec,directed
234,6beee9e1252967a6f7df81310e9c4b97,fb9975f6e51ece4a43c7c835c6806472,directed
235,6beee9e1252967a6f7df81310e9c4b97,caa68aad5cb558e05126dcb3fa6deb90,directed
236,fb1ad3eafdc6cd1e58973cfabb257a7c,4159c99f6c4127de1cd2a09f83efebbe,directed
237,04ecfd4f9834e23da58dea10ac8fc58e,ee289376a9c48ed8aa9f0d8264e0b82f,directed
238,04ecfd4f9834e23da58dea10ac8fc58e,81ce7f3cac7a58e39a205121af535af8,directed
239,04ecfd4f9834e23da58dea10ac8fc58e,e45788b63cb10ef3652f7de0fe406c58,directed
240,295b146e821c9cc76b872284e7654fd1,a3df2842f923676652da2add52560ccf,directed
241,29508af9e4e3f7b0073aa459e5bd402b,6191b1b46226c01bc5ac991f6b11f4bb,directed
242,29508af9e4e3f7b0073aa459e5bd402b,039a38fafabf06410a7cd43ead491670,directed
243,29508af9e4e3f7b0073aa459e5bd402b,43fb0dc7bada59a6ee24bcf9a15417e2,directed
244,1a265b10fafa3e3d699d3ea05a9fa602,cab79f36f77ebacb6579858e26e125bd,directed
245,b389d15a9c573e6423a8273295f6ae89,63e053715b2d1321605fc2563f1010d6,directed
246,c06235073e713fb60376187b8bcbc314,7cdc3565a8f5022acd49fe1c3c970263,directed
247,c30c154a366942556b36f93c679fdcf5,c348c6290481ac7caeda60a6fbc766dc,directed
248,33f16e560d1e03ce20ad49481d393b34,3abcba7045b4b8be875e39ac32bc82c8,directed
249,33f16e560d1e03ce20ad49481d393b34,fe2889c416962e5883e418bb5eb4fdd1,directed
250,33f16e560d1e03ce20ad49481d393b34,136e4068df61113b40cd8707ff4f98ec,directed
251,bd38e62948289423f235207babfd1d6c,bd38e62948289423f235207babfd1d6c,directed
252,bd38e62948289423f235207babfd1d6c,6b0c4e849d2bf784deb2953cbb9d87ab,directed
253,3abcba7045b4b8be875e39ac32bc82c8,cbf3dd7b41988dd6cdd16571b7ed992b,directed
254,4e4e53cb7df136809625a5276169cd6d,fe2889c416962e5883e418bb5eb4fdd1,directed
255,d707045694c442c9b84728d565abf0af,2d3b1f595c0e711361fdcb7b8417bc7b,directed
256,00c18845d59b08f11bcef621408f62a9,4f4678912a2b27576ec6360eac08c9a4,directed
257,00c18845d59b08f11bcef621408f62a9,4f4678912a2b27576ec6360eac08c9a4,directed
258,7a40c971d49e2aac1ebaed4be1d05702,cc6a8d622a40b5dd6f95d7019b38f3a6,directed
259,987b1bd7a784e97c73a6529265eca1a6,4cda9f55d118207ac984958ed983f702,directed
260,84c8ac64c492d121e7fd826c86cacff0,6b0c4e849d2bf784deb2953cbb9d87ab,directed
261,84c8ac64c492d121e7fd826c86cacff0,0f71f2223176f41e121074c6c407aa58,directed
262,84c8ac64c492d121e7fd826c86cacff0,15e12af464c977ac561bdef7e2c6c6c3,directed
263,84c8ac64c492d121e7fd826c86cacff0,1869620be301f8dd64b719b705ee5987,directed
264,b5a5407d13a1b4aeddefaf94caf273e7,e45788b63cb10ef3652f7de0fe406c58,directed
265,971ac7c0d6473ac46033c32ad7a97693,6b0c4e849d2bf784deb2953cbb9d87ab,directed
266,d93e263cb89a60515acfcdd9730a3415,7ee9b48fdec16528f95590b03468bd39,directed
267,fab78717ef44f3b9c1fb3a21f01fe1f9,7ea8ea6a1864e023d32ba8fba5e734d0,directed
268,39cce9c729c834e1bf44ace13f1f8893,0f71f2223176f41e121074c6c407aa58,directed
269,7ea8ea6a1864e023d32ba8fba5e734d0,fab78717ef44f3b9c1fb3a21f01fe1f9,directed
270,1aedcd60a3f91142c17e19bdbffb1e67,b830f20df164eaae03963eb9ff987bae,directed
271,1aedcd60a3f91142c17e19bdbffb1e67,d930824a645f13daf7d375c498da13da,directed
272,1aedcd60a3f91142c17e19bdbffb1e67,1aedcd60a3f91142c17e19bdbffb1e67,directed
273,c3fa5222adca5bccb61b4d226e238b18,26a6688bc74fcf549231191d304671f9,directed
274,831659c35a3520d928a10d3405228e89,69290a5da0c71283684e7598eb98b04b,directed
275,ee289376a9c48ed8aa9f0d8264e0b82f,81ce7f3cac7a58e39a205121af535af8,directed
276,ee289376a9c48ed8aa9f0d8264e0b82f,e45788b63cb10ef3652f7de0fe406c58,directed
277,b4429b05b01f3524f76c85d6424634e4,964217762a7782a4e1560ab9632eb44c,directed
278,ac2199f53188d4208278741aeb5ab37c,194522bf1c97267a1039b1a21b3f59db,directed
279,cbf3dd7b41988dd6cdd16571b7ed992b,187a55029cc84cc4a7ee675bb1ac1334,directed
280,e1a0728244384cd94886fbb1683ee614,a6831c6daab59b2991e1c1376840002d,directed
281,d51917ae2d1659e9334f660864cdd1ae,e45788b63cb10ef3652f7de0fe406c58,directed
282,4f49fc0435d83f76d6795c57522a1cdf,1869620be301f8dd64b719b705ee5987,directed
283,43fb0dc7bada59a6ee24bcf9a15417e2,7cdc3565a8f5022acd49fe1c3c970263,directed
284,eea0d74368cc6369345f9ad201314312,6b0c4e849d2bf784deb2953cbb9d87ab,directed
285,eea0d74368cc6369345f9ad201314312,0f71f2223176f41e121074c6c407aa58,directed
286,eea0d74368cc6369345f9ad201314312,15e12af464c977ac561bdef7e2c6c6c3,directed
287,eea0d74368cc6369345f9ad201314312,1869620be301f8dd64b719b705ee5987,directed
288,63d23f1a432fda61478d549dc84ab14c,136e4068df61113b40cd8707ff4f98ec,directed
289,40f46c8ae8f34452ca0471da861fdfb8,a3df2842f923676652da2add52560ccf,directed
290,1873e623f1276311d5875bba3c7911d8,63e053715b2d1321605fc2563f1010d6,directed
291,4298841557205e66f7690426b622c4f6,7ac650e27a06b76e4143b8e4a947b565,directed
292,4298841557205e66f7690426b622c4f6,63e053715b2d1321605fc2563f1010d6,directed
293,f1bce2f7de6798b772dac206c052911a,f1bce2f7de6798b772dac206c052911a,directed
294,ecd7f85acd2fb375c5fb06d67c4a3f5c,63e053715b2d1321605fc2563f1010d6,directed
295,d973a4f33a86e1d2bc1f7d99d2e29a3a,63e053715b2d1321605fc2563f1010d6,directed
296,ee189bfd1bb8497e67bdc76dc6d5f845,4207fd7e52952a8540c8c23455ccb853,directed
297,b8453f3189b50e4b856837f6471c1a6e,baef070cdd72e185da185071a1c91be6,directed
298,3fa896c436cc2503cd1a572664a38387,869c322992ffacd7ae7ba6e9f2c1ca05,directed
299,3fa896c436cc2503cd1a572664a38387,3fa896c436cc2503cd1a572664a38387,directed
300,c43d1086eb58a4b94038ed37758e5859,6bb3e28a7b951ec6ee7c0711847b0f5b,directed
301,b5f60b87e1544502eff93bf1e541afae,baef070cdd72e185da185071a1c91be6,directed
302,c82991def44a0e1615a5d4f5f1fc97cf,c3fa5222adca5bccb61b4d226e238b18,directed
303,363039af692604e99091f01d2305a169,136e4068df61113b40cd8707ff4f98ec,directed
304,363039af692604e99091f01d2305a169,17215ee731c9e0aedb3eebe75a583535,directed
305,363039af692604e99091f01d2305a169,cab79f36f77ebacb6579858e26e125bd,directed
306,363039af692604e99091f01d2305a169,d43e65921b3e9c9dc58957073eff632d,directed
307,d4a1affd0e4c96c7a97dbe0ac2517902,cab79f36f77ebacb6579858e26e125bd,directed
308,a6831c6daab59b2991e1c1376840002d,dfb8d3672b0efa17ffdb8a4403b9a213,directed
309,d4e190f0a06f2f54527017b1de71b0df,2281b339b50b60748f2de301a351479d,directed
310,d4e190f0a06f2f54527017b1de71b0df,23b0253031c49bd09fde9d32da70a6c4,directed
311,624217c1a4d5f640e9a6a462d7e98fde,ef838c442f137b0096aa0b02400e9329,directed
312,15b57e985c94197c512ab1a76ad0c71d,136e4068df61113b40cd8707ff4f98ec,directed
313,8f22b92f886b56c4f4572d340c447359,4cda9f55d118207ac984958ed983f702,directed
314,67383b7f1503e89c1e5fadedb0f6e6d6,35a9c452e3d12523757413a0a769e177,directed
315,67383b7f1503e89c1e5fadedb0f6e6d6,8af909a2c667c3bea2ebc807512bc328,directed
316,67383b7f1503e89c1e5fadedb0f6e6d6,165870429bbd8d0dfa1cca8d900b38aa,directed
317,dcb1a8b5694ce1e4d9b452bc79d7d4dd,c3fa5222adca5bccb61b4d226e238b18,directed
318,dcb1a8b5694ce1e4d9b452bc79d7d4dd,cab79f36f77ebacb6579858e26e125bd,directed
319,0710105a5b485ace3a7007d65138753c,cab79f36f77ebacb6579858e26e125bd,directed
320,0afa15b79a2368aed58dd4e66048015b,6191b1b46226c01bc5ac991f6b11f4bb,directed
321,23b0253031c49bd09fde9d32da70a6c4,43fb0dc7bada59a6ee24bcf9a15417e2,directed
322,c1fd6252f18e0487501d633966413a40,26a6688bc74fcf549231191d304671f9,directed
323,2281b339b50b60748f2de301a351479d,b4429b05b01f3524f76c85d6424634e4,directed
324,e77151ea4f2a02aec513bebb1d03f07f,136e4068df61113b40cd8707ff4f98ec,directed
325,cd72a6fecc870b6f189836e8aa4c23b2,cab79f36f77ebacb6579858e26e125bd,directed
326,be239677674de44db508a02d39ed577f,9e67f5d3f35f64dda3c09e02db8107cc,directed
327,c31dc77d8d83d815fa2aa13cf0b0dbba,63c1580a02f955348eac0a47f628aa08,directed
328,bbf7d071371a90d72cbeb1504fc26149,4207fd7e52952a8540c8c23455ccb853,directed
329,c80351b4073740baf040324931f2e0ca,a3df2842f923676652da2add52560ccf,directed
330,29541cd6d3d5ad7baee1b4fa19acf738,7cdc3565a8f5022acd49fe1c3c970263,directed
331,29541cd6d3d5ad7baee1b4fa19acf738,81ce7f3cac7a58e39a205121af535af8,directed
332,35a9c452e3d12523757413a0a769e177,8af909a2c667c3bea2ebc807512bc328,directed
333,35a9c452e3d12523757413a0a769e177,165870429bbd8d0dfa1cca8d900b38aa,directed
334,561fb03afc349f55ddfcc95f094c01c0,4cda9f55d118207ac984958ed983f702,directed
335,399b77d3974b34711a6bed5ca738619c,8172d2b25e816a970946a63add7c06cf,directed
336,80c35b07d2e7f33460ae4bb604cb7487,194522bf1c97267a1039b1a21b3f59db,directed
337,a54e51ee1d6391865b202cfc62ffdef0,136e4068df61113b40cd8707ff4f98ec,directed
338,610382e43b28f04dca70c402b0b2a640,cab79f36f77ebacb6579858e26e125bd,directed
339,610382e43b28f04dca70c402b0b2a640,fe2889c416962e5883e418bb5eb4fdd1,directed
340,b258c8a23a2aaa4d6bcad2bb2bea9eef,6191b1b46226c01bc5ac991f6b11f4bb,directed
341,b258c8a23a2aaa4d6bcad2bb2bea9eef,399b77d3974b34711a6bed5ca738619c,directed
342,4d76b492beb4b695111410b6a27b876a,dfc41d1140421f31b6f396ce835e5143,directed
343,4d76b492beb4b695111410b6a27b876a,7a62f6e4fc0611e8a24355f4564fcc81,directed
344,7a62f6e4fc0611e8a24355f4564fcc81,203238acbbe43266d7e9a4065ce93332,directed
345,7a62f6e4fc0611e8a24355f4564fcc81,7a62f6e4fc0611e8a24355f4564fcc81,directed
346,cfd472b284872cb5bd6ea7ac817f2f1f,dfc41d1140421f31b6f396ce835e5143,directed
347,cfd472b284872cb5bd6ea7ac817f2f1f,cfd472b284872cb5bd6ea7ac817f2f1f,directed
348,d45b28ba5b43b8759f3c39695dd5429f,7cdc3565a8f5022acd49fe1c3c970263,directed
349,d45b28ba5b43b8759f3c39695dd5429f,136e4068df61113b40cd8707ff4f98ec,directed
350,e8a889018ce57490aa100926fadaad9c,31c07d9788287c54819bf37478a535c3,directed
351,e8a889018ce57490aa100926fadaad9c,136e4068df61113b40cd8707ff4f98ec,directed
352,212ede116b69e06ac3a8c794a6f0e683,f15bf3d8c04329d56d24ce135ed6f79f,directed
353,b632aabc29094dd9ee4401b31b8e54aa,cc111bbec6ceb99ca40f378393b6f888,directed
354,e420f9e223468f165ab7c490e932684f,3ffad542f107c36cd3c6954de34504a2,directed
355,650d80cb5ac0da73d43b1e10b3c20c38,e310f4b5c8c27bce752e049709ecc688,directed
356,42e55541f998224833b71ab7a122b5f5,d0a7c1f875dd510adc51323f4ac62651,directed
357,42e55541f998224833b71ab7a122b5f5,fe2889c416962e5883e418bb5eb4fdd1,directed
358,2964f10d9cab834d44c2644514805110,4cda9f55d118207ac984958ed983f702,directed
359,6f0c394788b30d780ce202b804160f3e,4cda9f55d118207ac984958ed983f702,directed
360,90cc13ac259e49a95fcce3d587e08a08,2285625a11010c104f4d71b055ab1071,directed
361,b9a22cbabc083bbe40b09eed57ed21b3,b9a22cbabc083bbe40b09eed57ed21b3,directed
362,606d5c8a91045d166450a34f64568d75,f15bf3d8c04329d56d24ce135ed6f79f,directed
363,4244edb074f592920da1c009047f1a57,203238acbbe43266d7e9a4065ce93332,directed
364,4244edb074f592920da1c009047f1a57,3f074f1b2b86036cbee570c11d173e7f,directed
365,1939b48ac49735b5ec15b148c73b8166,17215ee731c9e0aedb3eebe75a583535,directed
366,63cdbe5c7f470f06c2f7de6d1422d3d6,136e4068df61113b40cd8707ff4f98ec,directed
367,0bf7a9ad235101810b76a2c0d0d34e3e,ee289376a9c48ed8aa9f0d8264e0b82f,directed
368,0bf7a9ad235101810b76a2c0d0d34e3e,81ce7f3cac7a58e39a205121af535af8,directed
369,0bf7a9ad235101810b76a2c0d0d34e3e,e45788b63cb10ef3652f7de0fe406c58,directed
370,187a55029cc84cc4a7ee675bb1ac1334,203238acbbe43266d7e9a4065ce93332,directed
371,165870429bbd8d0dfa1cca8d900b38aa,4cda9f55d118207ac984958ed983f702,directed
372,73c413b7b638d3f81d10f9f90989fac6,9e67f5d3f35f64dda3c09e02db8107cc,directed
373,d43e65921b3e9c9dc58957073eff632d,cbf3dd7b41988dd6cdd16571b7ed992b,directed
374,d8c9e13424c13ef4e1eb4336ced1c3c0,5bce42ffc6da2ee653d991ef976235c6,directed
375,7456e093dadfac5611bdd8f44d24c281,cab79f36f77ebacb6579858e26e125bd,directed
376,d1d48c3d6a4ffd2b5a1fa405fbb1535a,b035f342d2e881bfd09fbb5604fbeefc,directed
377,516b1ec2993983978148283de32960eb,226c5b3c9e26c75f073ad98a3e08a21a,directed
378,190e31cedc901b91c7d71b3621c3840b,fe2889c416962e5883e418bb5eb4fdd1,directed
379,e53fe29c2d4e6572caadc3b166f5d648,cbf3dd7b41988dd6cdd16571b7ed992b,directed
380,489ed043ce3be3e65ba4aadd8f4aac6f,fe2889c416962e5883e418bb5eb4fdd1,directed
381,bed1237c8605d1a1e91ba88ca199df88,fe2889c416962e5883e418bb5eb4fdd1,directed
382,382ac6beb0c99dff0254c518166221a9,4207fd7e52952a8540c8c23455ccb853,directed
383,1243e9478838d16fbc94c9ae2ea4c57c,7ac650e27a06b76e4143b8e4a947b565,directed
384,2a8e5a6d056980e51af94cff4312880a,226c5b3c9e26c75f073ad98a3e08a21a,directed
385,7ff77d9db00fddd96a2d8fab61b20916,f15bf3d8c04329d56d24ce135ed6f79f,directed
386,2fed28831cf4b1e5d8cc3d3cb643c5fb,d6eabeb1bce9d553ec356efd888cbc45,directed
387,2fed28831cf4b1e5d8cc3d3cb643c5fb,cab79f36f77ebacb6579858e26e125bd,directed
388,3b176c18dcff5fa3572874640ccf208d,60ab692514c49738fad5573ce40dc8ca,directed
389,1e65810461d91f31c4e9bd2a31188d44,5e9bb078d5d9300d80b3e3319707bcb3,directed
390,fc68446aa1f08063889677de04796503,d6eabeb1bce9d553ec356efd888cbc45,directed
391,fc68446aa1f08063889677de04796503,cab79f36f77ebacb6579858e26e125bd,directed
392,2d575d0b054a3a9976020c18c66637d0,203238acbbe43266d7e9a4065ce93332,directed
393,2d575d0b054a3a9976020c18c66637d0,3f074f1b2b86036cbee570c11d173e7f,directed
394,f00977210b7e8d7323d6e45e3ba9d47e,26a6688bc74fcf549231191d304671f9,directed
395,45a632de61ab4dd063e2dc7a67533a38,8172d2b25e816a970946a63add7c06cf,directed
396,3f074f1b2b86036cbee570c11d173e7f,203238acbbe43266d7e9a4065ce93332,directed
397,3f074f1b2b86036cbee570c11d173e7f,3f074f1b2b86036cbee570c11d173e7f,directed
398,8bd06470dfc3b94ef953b03485da0a6e,cab79f36f77ebacb6579858e26e125bd,directed
399,6acc197822d50ce574da9ea6cb04682e,3a563a971a621f9ce5990438e364c2fd,directed
400,6acc197822d50ce574da9ea6cb04682e,17215ee731c9e0aedb3eebe75a583535,directed
401,6acc197822d50ce574da9ea6cb04682e,d43e65921b3e9c9dc58957073eff632d,directed
402,67526902f871276dca90053aaba3ab8f,fe2889c416962e5883e418bb5eb4fdd1,directed
403,67526902f871276dca90053aaba3ab8f,136e4068df61113b40cd8707ff4f98ec,directed
404,c58d6a8275bf9c3357a1d551763b89d5,7ac650e27a06b76e4143b8e4a947b565,directed
405,3f00221a452717fbe08f772649ec48f8,4207fd7e52952a8540c8c23455ccb853,directed
406,67848cf5b524d9c326a9f8cf49cd5a0e,4207fd7e52952a8540c8c23455ccb853,directed
407,cbd2a79d89f8807b7699fac1951897a8,dfc41d1140421f31b6f396ce835e5143,directed
408,507f7c689460cb3c3fe5cffc96e472c4,3f074f1b2b86036cbee570c11d173e7f,directed
409,ed0e58c2593e9782ab6bef0a9c937b24,136e4068df61113b40cd8707ff4f98ec,directed
410,6ad385eeb0c826559eac700e4f9eb27c,203238acbbe43266d7e9a4065ce93332,directed
411,6ad385eeb0c826559eac700e4f9eb27c,7a62f6e4fc0611e8a24355f4564fcc81,directed
412,6ad385eeb0c826559eac700e4f9eb27c,acf04c37feeb7f8e7eea3934b77f0214,directed
413,6ad385eeb0c826559eac700e4f9eb27c,039a38fafabf06410a7cd43ead491670,directed
414,92ec0d42b9359b3b6e7eee0458c1b967,cfe702f906b4720891c2858662993c5e,directed
415,79546697ef6a59fce10b3f0db06872ac,136e4068df61113b40cd8707ff4f98ec,directed
416,11b1c0aae16951ac19f7bc739eff039c,60ab692514c49738fad5573ce40dc8ca,directed
417,617fe36b14d0146fdfd750bff9d66d92,c709e751f4405d8dd5cf9bcf5c9788bb,directed
418,51933e3113717756a045d87d8b533a0c,e45788b63cb10ef3652f7de0fe406c58,directed
419,118ca4d584da22dddc24fb9723e4fff1,66859b51d093fd69d4b3d6cbb4880f17,directed
420,4ac2aa45b6ccc0e28ec1c5a418dba892,31c07d9788287c54819bf37478a535c3,directed
421,4ac2aa45b6ccc0e28ec1c5a418dba892,136e4068df61113b40cd8707ff4f98ec,directed
422,2d5b97d954e9ff99c2b8531092a9bc97,8172d2b25e816a970946a63add7c06cf,directed
423,2d5b97d954e9ff99c2b8531092a9bc97,63e053715b2d1321605fc2563f1010d6,directed
424,2d5b97d954e9ff99c2b8531092a9bc97,43fb0dc7bada59a6ee24bcf9a15417e2,directed
425,009bed28a4f130f3c84a64c4c94cd8c9,b9a22cbabc083bbe40b09eed57ed21b3,directed
426,009bed28a4f130f3c84a64c4c94cd8c9,b9a22cbabc083bbe40b09eed57ed21b3,directed
427,4b13cb8877ffa44915245cc1b4a8d1c5,269b86122e2613eb179f92357666d559,directed
428,c7007e3c9c15bf8426d6baa50c1322b5,b830f20df164eaae03963eb9ff987bae,directed
429,d6eabeb1bce9d553ec356efd888cbc45,cab79f36f77ebacb6579858e26e125bd,directed
430,d135ce3a49d2b09e3eae37136842265e,3a563a971a621f9ce5990438e364c2fd,directed
431,d135ce3a49d2b09e3eae37136842265e,a3df2842f923676652da2add52560ccf,directed
432,d135ce3a49d2b09e3eae37136842265e,4f4678912a2b27576ec6360eac08c9a4,directed
433,f4f611456662849be13dba1141ffec1b,3abcba7045b4b8be875e39ac32bc82c8,directed
434,11f81ba3ceafb8dfd726286f6b0323e6,136e4068df61113b40cd8707ff4f98ec,directed
435,5f17840821598a505eef86daebea8c14,971ac7c0d6473ac46033c32ad7a97693,directed
436,d240e81189dde7b1bb77d6d89cb2c820,b830f20df164eaae03963eb9ff987bae,directed
437,c87456ea88d5b529a1c1e07362bd2544,bcbcf3c2c103d8dfe7fd75249d777e1a,directed
438,d930824a645f13daf7d375c498da13da,b830f20df164eaae03963eb9ff987bae,directed
439,5792f2e606d5a4bcb78b270a4c3283a2,60ab692514c49738fad5573ce40dc8ca,directed
440,f086d2c3151ce3f647b822cffc1e9bcc,31c07d9788287c54819bf37478a535c3,directed
441,f086d2c3151ce3f647b822cffc1e9bcc,136e4068df61113b40cd8707ff4f98ec,directed
442,9ba173d8ddb6bc372821f9653727f072,b632aabc29094dd9ee4401b31b8e54aa,directed
443,619b8c5251a3d55b113e5af6d1c5ca8e,b830f20df164eaae03963eb9ff987bae,directed
444,8272f55e11405383ed9260df3f9aacb7,a3df2842f923676652da2add52560ccf,directed
445,0d15baa1ffe0972a26f6ecafa219b4af,52d8b7a27fd2ceb1575cdefed0365651,directed
446,1d8e5c8b5f7a263549425a4c14ff578e,a3df2842f923676652da2add52560ccf,directed
447,6f4b0d3ededdb9d6951e32f9f41afbc9,6f0c394788b30d780ce202b804160f3e,directed
448,7aa7ebb60068b9f441e412b9eaee6aed,31c07d9788287c54819bf37478a535c3,directed
449,7aa7ebb60068b9f441e412b9eaee6aed,136e4068df61113b40cd8707ff4f98ec,directed
450,621e6ee574a430b3b2c98db7af4b741f,31c07d9788287c54819bf37478a535c3,directed
451,621e6ee574a430b3b2c98db7af4b741f,136e4068df61113b40cd8707ff4f98ec,directed
452,48fc61f0fbcfd7df39bb9c3b1b630432,7cdc3565a8f5022acd49fe1c3c970263,directed
453,8efec0046f93e1092d94c628a20579da,1939b48ac49735b5ec15b148c73b8166,directed
454,ec13974bfb2f5adf5043a67af420c719,136e4068df61113b40cd8707ff4f98ec,directed
455,8fe7510e8421e0f11c640483905f4061,1939b48ac49735b5ec15b148c73b8166,directed
456,81aade2c0f8fb8c18b172e17f14df185,d1d48c3d6a4ffd2b5a1fa405fbb1535a,directed
457,f4e20692705b15e7c8dda16d208dbd8b,31c07d9788287c54819bf37478a535c3,directed
458,f4e20692705b15e7c8dda16d208dbd8b,136e4068df61113b40cd8707ff4f98ec,directed
459,531a324d58d5b5de91bf630018c1314a,203238acbbe43266d7e9a4065ce93332,directed
460,531a324d58d5b5de91bf630018c1314a,7a62f6e4fc0611e8a24355f4564fcc81,directed
461,fac0440fd0c0713224ab45416e80f511,6f0c394788b30d780ce202b804160f3e,directed
462,acf04c37feeb7f8e7eea3934b77f0214,039a38fafabf06410a7cd43ead491670,directed
463,acf04c37feeb7f8e7eea3934b77f0214,7a62f6e4fc0611e8a24355f4564fcc81,directed
464,acf04c37feeb7f8e7eea3934b77f0214,136e4068df61113b40cd8707ff4f98ec,directed
465,acf04c37feeb7f8e7eea3934b77f0214,acf04c37feeb7f8e7eea3934b77f0214,directed
466,50221d8abbe316da150aa3dc7b041f52,ee289376a9c48ed8aa9f0d8264e0b82f,directed
467,50221d8abbe316da150aa3dc7b041f52,81ce7f3cac7a58e39a205121af535af8,directed
468,50221d8abbe316da150aa3dc7b041f52,e45788b63cb10ef3652f7de0fe406c58,directed
469,77197d265a4f87e9b4ced574da3cc82c,136e4068df61113b40cd8707ff4f98ec,directed
470,399823e3524a15b428fc56e178e018de,4207fd7e52952a8540c8c23455ccb853,directed
471,05e5b4bcdbb11c5813b9afbd9b272f54,31c07d9788287c54819bf37478a535c3,directed
472,05e5b4bcdbb11c5813b9afbd9b272f54,136e4068df61113b40cd8707ff4f98ec,directed
473,85d62b4e2bce785319fc5185ed707aa7,4207fd7e52952a8540c8c23455ccb853,directed
474,1341f8592ed320f47869e708b724d973,4207fd7e52952a8540c8c23455ccb853,directed
475,31c07d9788287c54819bf37478a535c3,136e4068df61113b40cd8707ff4f98ec,directed
476,019356a7a349cde0ccea2cda3af2d305,fe2889c416962e5883e418bb5eb4fdd1,directed
477,d97f5858da4872738e5734a74c20235f,fe2889c416962e5883e418bb5eb4fdd1,directed
478,d97f5858da4872738e5734a74c20235f,fe2889c416962e5883e418bb5eb4fdd1,directed
479,d97f5858da4872738e5734a74c20235f,04f52abbb48e4d9f1b8368235c933361,directed
480,c009175a40e6e0f5c3257355db8165d5,187a55029cc84cc4a7ee675bb1ac1334,directed
481,1a9bcfa66a643fa064643fb67517632b,a3df2842f923676652da2add52560ccf,directed
482,f8c2e8ce429a37c14c499eaa40303547,1149f3b6c40eac72cf2b06b9798878dd,directed
483,1f7ab00c377c95d135f020d4735f11db,b14565ebf07dde90f8ae915c83d0b0b4,directed
484,f3501bcc3091f5619a895761066eb3c2,800b3c51c9793ba0c859c7b0c164c80a,directed
485,fb8d94213048ec2f474360528fd096fc,136e4068df61113b40cd8707ff4f98ec,directed
486,a13ab547f2d045c47b2dfeb1ed4130ba,b4429b05b01f3524f76c85d6424634e4,directed
487,76f70d8f0d1cb041f6670aa7ed79c71a,b4429b05b01f3524f76c85d6424634e4,directed
488,909f98db88b4da801871c50e17196768,136e4068df61113b40cd8707ff4f98ec,directed
489,f614457de224a2ec0cea5e9434e52b63,b4429b05b01f3524f76c85d6424634e4,directed
490,56c62dd3f121b8e968bedef1015c985e,136e4068df61113b40cd8707ff4f98ec,directed
491,673bc17cd038ae049b5ce3765c076ab1,136e4068df61113b40cd8707ff4f98ec,directed
492,c50e2e9c681103530fe52e3cd98208a8,136e4068df61113b40cd8707ff4f98ec,directed
493,7d1fca51f4bab0b5461d9a2f9e7c1f30,187a55029cc84cc4a7ee675bb1ac1334,directed
494,6cc38d26daaac31676371bfc0efc7541,26a6688bc74fcf549231191d304671f9,directed
495,62e8c0de7e65f20998622f62a1b07657,23b0253031c49bd09fde9d32da70a6c4,directed
